date,ind,rain,ind,maxt,ind,mint,gmin,soil
01-Jan-09,0,0,0,4.5,1,-0.7,-4.7, 
02-Jan-09,0,0,0,5.8,0,2.8,0.3, 
03-Jan-09,0,0,0,4.7,0,3.1,1.5, 
04-Jan-09,0,1,0,3.2,0,0.9,-2.1, 
05-Jan-09,0,0,0,5.4,1,-4.1,-6.8, 
06-Jan-09,0,0,0,1.6,1,-2.4,-4.9, 
07-Jan-09,0,0,0,2.6,1,-4.5,-7.3, 
08-Jan-09,0,0,0,4.7,1,-2.2,-7.3, 
09-Jan-09,0,0,0,7.4,1,-2.9,-7.6, 
10-Jan-09,0,0.1,0,10.4,1,-2.8,-6.8, 
11-Jan-09,0,10,0,11.9,0,7.3,5.4, 
12-Jan-09,0,6.6,0,9.4,0,7.7,4.4, 
13-Jan-09,0,0.1,0,6.5,0,3.6,0.8, 
14-Jan-09,0,0.9,0,11.4,1,-1.8,-5.1, 
15-Jan-09,0,2.8,0,11.9,0,3.8,1, 
16-Jan-09,0,0.6,0,9.8,0,4.5,0.5, 
17-Jan-09,0,9.6,0,8.9,0,3,0.5, 
18-Jan-09,0,7.7,0,5.9,0,0.3,-0.5, 
19-Jan-09,0,0.2,0,3.3,0,1.6,-0.7, 
20-Jan-09,0,2.5,0,3.8,0,1.3,-0.4, 
21-Jan-09,0,2.6,0,10.7,0,0.8,-2.3, 
22-Jan-09,0,0.9,0,7.1,0,2.3,0.4, 
23-Jan-09,0,0,0,6.1,0,0.5,-2.2, 
24-Jan-09,0,0.7,0,8.3,0,0.3,-4.5, 
25-Jan-09,0,3.5,0,7.4,0,1.8,-1, 
26-Jan-09,0,3.6,0,8.3,0,0.6,-2, 
27-Jan-09,0,0.1,0,8.6,0,2.2,-1.9, 
28-Jan-09,0,0,0,9.4,1,-0.4,-4.3, 
29-Jan-09,0,0.5,0,10.7,1,-0.7,-3.5, 
30-Jan-09,0,2.9,0,11.3,0,6.6,6, 
31-Jan-09,0,0.1,0,6.8,0,5.3,4.5, 
01-Feb-09,0,1.3,0,4,0,2.7,0.7, 
02-Feb-09,0,18.1,0,3.4,1,-0.5,-4.4, 
03-Feb-09,0,34.8,0,3.8,1,-0.3,-1.4, 
04-Feb-09,0,0.1,0,4.8,0,0.3,-0.2, 
05-Feb-09,0,6.4,0,1.5,1,-0.2,-1.3, 
06-Feb-09,0,0,0,3.7,1,-2.5,-5.7, 
07-Feb-09,0,0.4,0,4.8,1,-1.7,-4.7, 
08-Feb-09,0,5,0,4.3,1,-3.2,-5.7, 
09-Feb-09,0,0,0,3.7,1,-0.6,-4.5, 
10-Feb-09,0,0.1,0,6.5,1,-0.4,-2.4, 
11-Feb-09,0,0.1,0,6,0,0.9,-2.9, 
12-Feb-09,0,0.8,0,8.5,0,0.2,-2, 
13-Feb-09,0,0,0,9.3,0,2.8,1, 
14-Feb-09,0,0,0,9.5,0,4.3,3, 
15-Feb-09,0,0,0,11.4,0,5,3.2, 
16-Feb-09,0,0,0,10.4,0,3.7,-0.3, 
17-Feb-09,0,0,0,12.2,0,5,0.8, 
18-Feb-09,0,0.1,0,8.8,0,5.4,3.6, 
19-Feb-09,0,0.9,0,9.2,0,5.4,1.9, 
20-Feb-09,0,0,0,10,0,1.4,-2.4, 
21-Feb-09,0,0,0,11,0,3.8,0.6, 
22-Feb-09,0,0.1,0,11,0,7.1,6, 
23-Feb-09,0,0,0,13.4,0,6.3,4.1, 
24-Feb-09,0,0.1,0,9.6,0,5,1.2, 
25-Feb-09,0,0.1,0,10.9,0,6.1,2.5, 
26-Feb-09,0,0,0,11,0,4.1,1.5, 
27-Feb-09,0,0,0,10.9,0,6.8,7.1, 
28-Feb-09,0,1.2,0,11.9,0,7.5,6.2, 
01-Mar-09,0,0.4,0,9.8,0,3.6,-0.5, 
02-Mar-09,0,0.9,0,10.9,0,2.3,-1.9, 
03-Mar-09,0,4,0,8.1,0,4.9,2.1, 
04-Mar-09,0,0,0,5.5,1,-1.2,-3.8, 
05-Mar-09,0,0.1,0,9.4,1,-1.6,-5.6, 
06-Mar-09,0,0.2,0,9.8,1,-0.2,-4, 
07-Mar-09,0,4.3,0,14.6,0,4.8,3, 
08-Mar-09,0,1.2,0,6.4,0,1.6,0.4, 
09-Mar-09,0,3.2,0,9.5,0,1.8,0.4, 
10-Mar-09,0,0.1,0,12,0,5.3,4.7, 
11-Mar-09,0,0.4,0,15.2,0,5.1,2.2, 
12-Mar-09,0,0.4,0,12.8,0,8.5,7.1, 
13-Mar-09,0,0,0,10.9,0,3.3,0.8, 
14-Mar-09,0,0,0,12.9,0,5.9,3.5, 
15-Mar-09,0,0,0,13,0,6,2.1, 
16-Mar-09,0,0,0,12.3,0,4.6,1, 
17-Mar-09,0,0,0,13.7,0,7.9,6.9, 
18-Mar-09,0,0.1,0,16,0,0.4,-3.2, 
19-Mar-09,0,0.1,0,10.8,0,2.7,3.1, 
20-Mar-09,0,0,0,14.9,0,3.5,-0.9, 
21-Mar-09,0,0,0,13.4,0,3,-0.9, 
22-Mar-09,0,0,0,12.6,0,3.7,0, 
23-Mar-09,0,0.5,0,11,0,6.2,4.2, 
24-Mar-09,0,0.6,0,11.5,0,1,-3, 
25-Mar-09,0,1.9,0,12.4,0,5.6,3.9, 
26-Mar-09,0,0.6,0,10.4,0,7.5,6.8, 
27-Mar-09,0,0.8,0,10,0,2.9,0.9, 
28-Mar-09,0,0,0,8.3,0,3.6,2.7, 
29-Mar-09,0,0.1,0,10.7,1,-2,-5.5, 
30-Mar-09,0,0,0,13.5,0,5.6,5.2, 
31-Mar-09,0,0,0,15.6,0,8,4.1, 
01-Apr-09,0,0,0,13,0,4.4,-0.7, 
02-Apr-09,0,0,0,15.4,0,2.7,-1.4, 
03-Apr-09,0,6.4,0,15.1,0,1.4,-2.8, 
04-Apr-09,0,0,0,12.9,0,6.6,4.1, 
05-Apr-09,0,0,0,13.2,0,0.9,-2.9, 
06-Apr-09,0,2.6,0,9.4,0,6.9,5.6, 
07-Apr-09,0,2.6,0,13.3,0,3.7,-1, 
08-Apr-09,0,0.8,0,15,0,5.4,3.2, 
09-Apr-09,0,1.1,0,13.6,0,8.1,6.3, 
10-Apr-09,0,0,0,12.9,0,5.5,4.3, 
11-Apr-09,0,0,0,14.4,0,0.3,-3.8, 
12-Apr-09,0,0,0,15.4,0,2.3,-1, 
13-Apr-09,0,2.5,0,11.4,0,6.2,2.7, 
14-Apr-09,0,1.3,0,13.5,0,5.7,3, 
15-Apr-09,0,10.1,0,10.5,0,4.6,0.7, 
16-Apr-09,0,13,0,10.1,0,8.6,7.9, 
17-Apr-09,0,0.1,0,10.7,0,7.7,7.2, 
18-Apr-09,0,0,0,12.1,0,6.2,4.6, 
19-Apr-09,0,0,0,14.7,0,1.8,-2, 
20-Apr-09,0,0.4,0,16.6,0,4.3,0.3, 
21-Apr-09,0,0,0,17.8,0,7,2.2, 
22-Apr-09,0,1.8,0,15.5,0,6.3,4.2, 
23-Apr-09,0,2.4,0,12.3,0,9.6,9.3, 
24-Apr-09,0,9.1,0,12.3,0,9.3,7, 
25-Apr-09,0,1.5,0,13.1,0,8.4,7.2, 
26-Apr-09,0,4.7,0,12.9,0,3.5,0.2, 
27-Apr-09,0,2.2,0,12.3,0,4.8,2, 
28-Apr-09,0,6,0,13.7,0,1.5,-2.2, 
29-Apr-09,0,2.7,0,12.4,0,8,7.6, 
30-Apr-09,0,1,0,15.8,0,8.6,8.4, 
01-May-09,0,0.6,0,16.5,0,6.4,2.4, 
02-May-09,0,1.1,0,15.7,0,5.1,0.4, 
03-May-09,0,2.5,0,13.5,0,3.3,0, 
04-May-09,0,0.7,0,13.8,0,6.2,3.1, 
05-May-09,0,0,0,16.9,0,9.2,9.6, 
06-May-09,0,0.7,0,16.2,0,11.4,10.5, 
07-May-09,0,2.7,0,14.4,0,5.9,3.5, 
08-May-09,0,1.5,0,14.5,0,5.3,3.2, 
09-May-09,0,1.1,0,14.9,0,6.1,2.6, 
10-May-09,0,0,0,14.2,0,4.7,2.3, 
11-May-09,0,0,0,13.4,0,6.3,1.9, 
12-May-09,0,0,0,13.8,0,6.9,5.6, 
13-May-09,0,3.1,0,11.9,0,7.4,5.2, 
14-May-09,0,12.1,0,12.4,0,9.5,9.3, 
15-May-09,0,9.5,0,14.2,0,9.1,9, 
16-May-09,0,2,0,13.8,0,5.4,3.2, 
17-May-09,0,7.5,0,11.8,0,7.2,4, 
18-May-09,0,7.2,0,15.1,0,7.7,5.1, 
19-May-09,0,3.4,0,15.8,0,9.2,7.6, 
20-May-09,0,0.9,0,14.3,0,8.7,6.7, 
21-May-09,0,1.8,0,16.4,0,5.8,2.4, 
22-May-09,0,0.1,0,20,0,8.7,7.4, 
23-May-09,0,0.7,0,16,0,11,7.7, 
24-May-09,0,0,0,20.1,0,4.4,1, 
25-May-09,0,0.9,0,17.6,0,10,7, 
26-May-09,0,1.2,0,15.8,0,4.8,0.7, 
27-May-09,0,0.1,0,16.8,0,8.9,6, 
28-May-09,0,0,0,21.9,0,12.8,12.6, 
29-May-09,0,0,0,22.4,0,10.5,6.7, 
30-May-09,0,0,0,21.4,0,10.7,7.7, 
31-May-09,0,0,0,20.2,0,8.4,4.3, 
01-Jun-09,0,0,0,22.9,0,9.4,6.1, 
02-Jun-09,0,0,0,25.4,0,9.9,5.8, 
03-Jun-09,0,0,0,17.6,0,11.8,8.3, 
04-Jun-09,0,0,0,18.7,0,7.4,2.7, 
05-Jun-09,0,4.3,0,15.6,0,10.2,6.5, 
06-Jun-09,0,37.9,0,11.5,0,6.1,2, 
07-Jun-09,0,0,0,14.1,0,7.5,7.3, 
08-Jun-09,0,0,0,13.7,0,9.8,7.5, 
09-Jun-09,0,0,0,14.6,0,10.8,10.1, 
10-Jun-09,0,1.4,0,16.9,0,5.5,2, 
11-Jun-09,0,0.7,0,16.9,0,7.1,3.5, 
12-Jun-09,0,0,0,16.7,0,6.2,1.7, 
13-Jun-09,0,0,0,20.8,0,8.5,3.6, 
14-Jun-09,0,0,0,20.4,0,8.3,3.8, 
15-Jun-09,0,6.1,0,19,0,7.9,3.4, 
16-Jun-09,0,16.1,0,22.5,0,7.7,3.8, 
17-Jun-09,0,1.2,0,17.6,0,12.2,11.2, 
18-Jun-09,0,0.2,0,17.9,0,8.7,4.9, 
19-Jun-09,0,0.4,0,17.2,0,8.4,5.4, 
20-Jun-09,0,0.4,0,17.9,0,11.2,10.1, 
21-Jun-09,0,0.3,0,22,0,11,8.9, 
22-Jun-09,0,0,0,23.2,0,13.7,13.3, 
23-Jun-09,0,0,0,22.4,0,15,13.7, 
24-Jun-09,0,0,0,20.5,0,12.7,9.1, 
25-Jun-09,0,0.7,0,18.9,0,10.5,7.1, 
26-Jun-09,0,0.4,0,20.6,0,12.4,9.9, 
27-Jun-09,0,0,0,21.7,0,13,9.6, 
28-Jun-09,0,3.4,0,20.8,0,11.8,7.8, 
29-Jun-09,0,0,0,22.5,0,13.2,10.5, 
30-Jun-09,0,9.4,0,21.9,0,10.5,7, 
01-Jul-09,0,24.5,0,22.8,0,16.7,15, 
02-Jul-09,0,3,0,20.2,0,15.5,15.1, 
03-Jul-09,0,0.1,0,23.1,0,14.9,14.1, 
04-Jul-09,0,1.4,0,21.5,0,13.6,11.1, 
05-Jul-09,0,6,0,19.5,0,12.2,8.4, 
06-Jul-09,0,1.6,0,19.1,0,8.8,5.2, 
07-Jul-09,0,1.3,0,19.1,0,12.8,11.8, 
08-Jul-09,0,0,0,17.6,0,11.9,10, 
09-Jul-09,0,0,0,18,0,11.6,10.9, 
10-Jul-09,0,0,0,16.8,0,8.6,4.7, 
11-Jul-09,0,6.4,0,20.3,0,13,11.9, 
12-Jul-09,0,1.6,0,19.5,0,12.5,10.2, 
13-Jul-09,0,5.4,0,18.4,0,10.8,7.3, 
14-Jul-09,0,9.6,0,17.5,0,10.7,7.9, 
15-Jul-09,0,0,0,21.3,0,9.4,6, 
16-Jul-09,0,1.2,0,18.6,0,9.8,6.1, 
17-Jul-09,0,0,0,19.1,0,11.9,11, 
18-Jul-09,0,7,0,16.9,0,8.7,4.1, 
19-Jul-09,0,4.4,0,19.4,0,11.7,11.5, 
20-Jul-09,0,10.9,0,18.8,0,9.3,5.6, 
21-Jul-09,0,9.4,0,21.5,0,9.5,5.8, 
22-Jul-09,0,5.4,0,20.7,0,12.4,10.5, 
23-Jul-09,0,4.8,0,20,0,12.5,10.4, 
24-Jul-09,0,1.3,0,19.8,0,11.5,9.6, 
25-Jul-09,0,3.1,0,22,0,8.2,4.4, 
26-Jul-09,0,0.1,0,19.8,0,13.4,11.7, 
27-Jul-09,0,0.4,0,20.2,0,12.4,10.2, 
28-Jul-09,0,1.4,0,18.7,0,12.4,10, 
29-Jul-09,0,2.4,0,20.6,0,9.2,4.2, 
30-Jul-09,0,0,0,19.3,0,9.5,6.8, 
31-Jul-09,0,0.6,0,16.6,0,10.3,6.5, 
01-Aug-09,0,0.3,0,18.9,0,11.5,8, 
02-Aug-09,0,1,0,18.8,0,9.1,4.6, 
03-Aug-09,0,4.7,0,21.6,0,13.7,11.8, 
04-Aug-09,0,0,0,21,0,15,13.5, 
05-Aug-09,0,0,0,21.3,0,12.7,8.7, 
06-Aug-09,0,0,0,21.1,0,8.8,5, 
07-Aug-09,0,0,0,20.3,0,11.1,7.8, 
08-Aug-09,0,0.3,0,21.5,0,12.6,9.2, 
09-Aug-09,0,2.1,0,20.8,0,12.7,10, 
10-Aug-09,0,0.3,0,20.8,0,14.3,13.3, 
11-Aug-09,0,2.3,0,21.7,0,10.5,6.7, 
12-Aug-09,0,0.1,0,21.4,0,15.4,15, 
13-Aug-09,0,0,0,17.9,0,12.7,11.7, 
14-Aug-09,0,8.1,0,22.2,0,12.5,11, 
15-Aug-09,0,0,0,20,0,16,15, 
16-Aug-09,0,0.1,0,18.3,0,13.5,10, 
17-Aug-09,0,1.3,0,21.7,0,12.9,10.3, 
18-Aug-09,0,1.1,0,20.8,0,12.4,9.3, 
19-Aug-09,0,22.4,0,22,0,16.7,14, 
20-Aug-09,0,1.6,0,18.6,0,13,12.8, 
21-Aug-09,0,0.1,0,18.8,0,10.4,7.6, 
22-Aug-09,0,2.1,0,21.1,0,8.9,4.1, 
23-Aug-09,0,0.3,0,21,0,15.1,14.3, 
24-Aug-09,0,2.2,0,17.7,0,7.9,3.7, 
25-Aug-09,0,1.9,0,19.3,0,9.3,5, 
26-Aug-09,0,0.6,0,20.2,0,14,12.2, 
27-Aug-09,0,0.8,0,19.3,0,10.5,7.3, 
28-Aug-09,0,0.6,0,17.1,0,9.9,7.7, 
29-Aug-09,0,0.9,0,17.4,0,8.5,5.2, 
30-Aug-09,0,5.2,0,21.2,0,8.3,4.5, 
31-Aug-09,0,4.9,0,18.8,0,15.4,14.7, 
01-Sep-09,0,0.9,0,17.6,0,10.5,7.2, 
02-Sep-09,0,13,0,15.4,0,9.7,6.6, 
03-Sep-09,0,0.7,0,16.7,0,8.9,7.3, 
04-Sep-09,0,0.5,0,17.3,0,7.2,4.3, 
05-Sep-09,0,0,0,17.1,0,8.4,5.2, 
06-Sep-09,0,3.8,0,17.5,0,12.4,10.9, 
07-Sep-09,0,0.2,0,19.3,0,11.3,7.8, 
08-Sep-09,0,3.1,0,18.6,0,14.6,13.3, 
09-Sep-09,0,0,0,18.8,0,7.3,3.1, 
10-Sep-09,0,0,0,18.4,0,6.1,2.6, 
11-Sep-09,0,0,0,18.5,0,6.5,2.9, 
12-Sep-09,0,0,0,19.7,0,5,1.9, 
13-Sep-09,0,0,0,18.4,0,5,1, 
14-Sep-09,0,0,0,16.4,0,8,4.3, 
15-Sep-09,0,0,0,16.6,0,8.8,4.8, 
16-Sep-09,0,0,0,16.2,0,8.6,4.2, 
17-Sep-09,0,0,0,14.1,0,10,6.9, 
18-Sep-09,0,0,0,15.8,0,6.1,2.5, 
19-Sep-09,0,0,0,16.4,0,8.1,4.1, 
20-Sep-09,0,0,0,16.7,0,4.6,0.1, 
21-Sep-09,0,0.8,0,19.4,0,11.8,8.1, 
22-Sep-09,0,0,0,18,0,12,10.2, 
23-Sep-09,0,0,0,17.9,0,10.5,7, 
24-Sep-09,0,0,0,16.5,0,7.3,3.2, 
25-Sep-09,0,0,0,18.7,0,9.8,5, 
26-Sep-09,0,0,0,18.5,0,12.1,10, 
27-Sep-09,0,0,0,18.4,0,11.8,7.2, 
28-Sep-09,0,0,0,18.8,0,13.2,12.4, 
29-Sep-09,0,0,0,16.9,0,12,9.9, 
30-Sep-09,0,1,0,19.3,0,11.9,11, 
01-Oct-09,0,0,0,13.8,0,8.8,5.4, 
02-Oct-09,0,0.5,0,16.5,0,8.6,6.2, 
03-Oct-09,0,0.8,0,14.9,0,11.2,9.9, 
04-Oct-09,0,0,0,14.2,0,4.9,0.2, 
05-Oct-09,0,8,0,17,0,5.3,1.3, 
06-Oct-09,0,10.4,0,13.2,0,7.1,3.5, 
07-Oct-09,0,0,0,13,0,1.6,-2, 
08-Oct-09,0,0,0,13.9,0,4.5,0.5, 
09-Oct-09,0,5.2,0,13.2,0,4.7,0.7, 
10-Oct-09,0,2.1,0,15.2,0,8.8,4.2, 
11-Oct-09,0,0.1,0,15.8,0,10.8,9.2, 
12-Oct-09,0,0.1,0,15.7,0,3.5,-0.5, 
13-Oct-09,0,0.1,0,15.8,0,5.2,1.3, 
14-Oct-09,0,0.2,0,14.4,0,11.4,11.4, 
15-Oct-09,0,0,0,15.8,0,10.8,9.3, 
16-Oct-09,0,0.1,0,14.6,0,6.3,2.7, 
17-Oct-09,0,0,0,14.5,0,2.6,-0.6, 
18-Oct-09,0,0.8,0,14.5,0,5.2,1.3, 
19-Oct-09,0,0.9,0,13.9,0,11.2,8.9, 
20-Oct-09,0,10.3,0,15.4,0,10.1,9.2, 
21-Oct-09,0,15.7,0,13.4,0,8.6,4.6, 
22-Oct-09,0,3.8,0,14.1,0,11.2,10.2, 
23-Oct-09,0,1,0,16,0,8.1,3.5, 
24-Oct-09,0,1.2,0,17.8,0,9.5,9.8, 
25-Oct-09,0,1.3,0,14.1,0,10.8,8.9, 
26-Oct-09,0,0,0,18,0,9.8,7.4, 
27-Oct-09,0,0.9,0,16.5,0,10.8,11.7, 
28-Oct-09,0,0.2,0,18,0,12.4,8, 
29-Oct-09,0,0.1,0,16.7,0,9.4,5.5, 
30-Oct-09,0,4.8,0,17.1,0,14.2,13.8, 
31-Oct-09,0,21.4,0,16.6,0,11.1,6.5, 
01-Nov-09,0,4.2,0,10.9,0,10.4,7.5, 
02-Nov-09,0,5.4,0,10.9,0,5.7,3.3, 
03-Nov-09,0,0.2,0,10.8,0,6.8,4.6, 
04-Nov-09,0,3.1,0,10,0,5.6,2.9, 
05-Nov-09,0,2.4,0,10.7,0,6.2,3.2, 
06-Nov-09,0,3.2,0,11.4,0,6.2,4, 
07-Nov-09,0,0.3,0,9.8,0,3.6,0.8, 
08-Nov-09,0,0,0,11.6,0,3.5,-0.3, 
09-Nov-09,0,11.4,0,10.5,0,0.3,-3.2, 
10-Nov-09,0,0,0,11.4,0,2.4,0.8, 
11-Nov-09,0,13.2,0,10.3,0,1.1,-2.4, 
12-Nov-09,0,1.9,0,12.6,0,2.4,0, 
13-Nov-09,0,14.8,0,10.6,0,2.5,-1.6, 
14-Nov-09,0,0.9,0,9.4,0,4.9,1, 
15-Nov-09,0,7.3,0,12.7,0,3.2,-1.2, 
16-Nov-09,0,0.4,0,10.4,0,8.5,6.9, 
17-Nov-09,0,14,0,11,0,5.7,1.8, 
18-Nov-09,0,9.9,0,14.2,0,5.5,3.9, 
19-Nov-09,0,11.9,0,14.8,0,6.2,6.6, 
20-Nov-09,0,1.1,0,12.2,0,8.5,6.3, 
21-Nov-09,0,4.2,0,15.3,0,3.9,-0.4, 
22-Nov-09,0,2.7,0,9.4,0,7,4.9, 
23-Nov-09,0,3.6,0,12.9,0,7.2,5.4, 
24-Nov-09,0,4.1,0,13.7,0,7,4.2, 
25-Nov-09,0,2.2,0,8.4,0,5.7,3.6, 
26-Nov-09,0,0.1,0,7.5,0,4.5,2.6, 
27-Nov-09,0,0,0,7.1,0,3,-0.2, 
28-Nov-09,0,20.6,0,6.4,1,-0.2,-2.6, 
29-Nov-09,0,13.5,0,6.5,1,-0.2,0.3, 
30-Nov-09,0,0,0,6.3,1,-0.6,-4.2, 
01-Dec-09,0,0.8,0,8.7,1,-2.2,-6.3, 
02-Dec-09,0,0.3,0,9.7,0,4.5,-0.5, 
03-Dec-09,0,0,0,4.8,0,1,-1, 
04-Dec-09,0,7.1,0,10.9,1,-0.6,-5.7, 
05-Dec-09,0,1.3,0,12.4,0,3.3,1.7, 
06-Dec-09,0,0.3,0,8.4,0,5.5,3.2, 
07-Dec-09,0,0.7,0,8.8,0,5.8,3.1, 
08-Dec-09,0,0.5,0,13.9,0,4.3,0.5, 
09-Dec-09,0,3.4,0,11.8,0,7.7,4, 
10-Dec-09,0,0,0,9.2,0,1.5,-2.5, 
11-Dec-09,0,0,0,10.1,0,1.7,-2.1, 
12-Dec-09,0,0,0,8,0,1.9,-2.2, 
13-Dec-09,0,0,0,6.9,1,-1,-3.5, 
14-Dec-09,0,0.4,0,7.3,1,-0.7,-3.6, 
15-Dec-09,0,2.2,0,7.8,0,0.7,0.3, 
16-Dec-09,0,2.7,0,7,0,2.5,-1.7, 
17-Dec-09,0,5,0,6.5,0,2.1,-2, 
18-Dec-09,0,0,0,3,0,0,-2.2, 
19-Dec-09,0,0.7,0,3.8,1,-1.2,-3, 
20-Dec-09,0,0,0,2,1,-2.7,-6.8, 
21-Dec-09,0,0,0,2.1,1,-0.9,-2.9, 
22-Dec-09,0,0,0,2.2,1,-1.5,-4.7, 
23-Dec-09,0,2.4,0,3.7,1,-3.5,-8, 
24-Dec-09,0,0,0,2.4,1,-3.1,-7.7, 
25-Dec-09,0,0.5,0,3.9,1,-4.9,-7.4, 
26-Dec-09,0,2.2,0,7.5,1,-5,-7.4, 
27-Dec-09,0,0,0,4.6,0,2,-1.3, 
28-Dec-09,0,0,0,5.2,1,-4,-7.5, 
29-Dec-09,0,23.2,0,5.3,1,-3.5,-6.6, 
30-Dec-09,0,25,0,4.9,0,3.2,2.3, 
31-Dec-09,0,7,0,4.1,0,2.6,1.8, 
01-Jan-10,0,0,1,-1,1,-3.3,-10.2, 
02-Jan-10,0,0.1,0,3.5,1,-3.4,-9.3, 
03-Jan-10,0,0,0,3.3,1,-2.4,-5.5, 
04-Jan-10,0,0.6,0,0.7,1,-3.6,-9.4, 
05-Jan-10,0,0.1,0,2.3,1,-3.6,-8.8, 
06-Jan-10,0,7.4,0,1,1,-2.4,-9.5, 
07-Jan-10,0,0,1,-2.2,1,-6.2,-9, 
08-Jan-10,0,0.5,1,-2.2,1,-8.3,-8.3, 
09-Jan-10,0,5.4,0,3.1,1,-10,-9, 
10-Jan-10,0,3.1,0,4.1,1,-5.1,-2.9, 
11-Jan-10,0,0.5,0,4,0,1.6,-0.4, 
12-Jan-10,0,7.8,0,3.8,0,1.1,-3.4, 
13-Jan-10,0,0.4,0,4.4,0,1.1,0.4, 
14-Jan-10,0,0,0,8.8,1,-1,-3, 
15-Jan-10,0,10.7,0,11.6,1,-0.3,-2.6, 
16-Jan-10,0,0,0,8.5,0,5.7,1.4, 
17-Jan-10,0,0,0,8.3,0,3.6,-0.9, 
18-Jan-10,0,0,0,9.6,0,3.9,1, 
19-Jan-10,0,1.3,0,7.3,0,0.7,-3.2, 
20-Jan-10,0,0,0,7.3,0,5.1,3.1, 
21-Jan-10,0,4,0,10.3,1,-0.8,-4, 
22-Jan-10,0,0,0,8.4,0,1.7,-2.1, 
23-Jan-10,0,0,0,2.3,0,0.1,-3.4, 
24-Jan-10,0,0,0,1.7,1,-0.6,-0.4, 
25-Jan-10,0,0,0,5.5,1,-1.1,-2, 
26-Jan-10,0,0,0,6.6,1,-1.8,-4.7, 
27-Jan-10,0,0,0,9.3,1,-1.3,-3.8, 
28-Jan-10,0,2.1,0,8,0,2.9,-0.1, 
29-Jan-10,0,0.9,0,5.8,0,3.1,0.8, 
30-Jan-10,0,0,0,3.6,1,-2.8,-7.4, 
31-Jan-10,0,0,0,4,1,-2.6,-6.6, 
01-Feb-10,0,3.4,0,7.3,1,-1.4,-6.1, 
02-Feb-10,0,3.2,0,9.4,0,0.6,-0.8, 
03-Feb-10,0,3.1,0,8.2,0,2.5,1.5, 
04-Feb-10,0,4,0,9.6,0,1.2,-2.5, 
05-Feb-10,0,0,0,10.4,0,1.7,-2, 
06-Feb-10,0,1.4,0,6.9,0,2.3,-1, 
07-Feb-10,0,0,0,6.3,0,1.7,-2, 
08-Feb-10,0,0.6,0,4.8,0,3.7,1.5, 
09-Feb-10,0,0.1,0,6.5,0,2,-0.2, 
10-Feb-10,0,0.2,0,6.1,1,-2.8,-6, 
11-Feb-10,0,0,0,6.2,1,-4.3,-8, 
12-Feb-10,0,0,0,7.2,1,-3.5,-5.8, 
13-Feb-10,0,0,0,5.9,0,1.2,-2.7, 
14-Feb-10,0,1.1,0,6.2,1,-1.4,-4.5, 
15-Feb-10,0,0.9,0,7.9,0,1,-0.3, 
16-Feb-10,0,0,0,6.1,1,-0.5,-4, 
17-Feb-10,0,0,0,6.4,1,-2.4,-7.2, 
18-Feb-10,0,0.3,0,5.4,1,-2.2,-8, 
19-Feb-10,0,0.1,0,4.3,1,-2.3,-5.7, 
20-Feb-10,0,5,0,5.6,1,-2.4,-7.6, 
21-Feb-10,0,0,0,0.8,1,-0.6,-1.6, 
22-Feb-10,0,0,0,5.1,1,-3.1,-6.8, 
23-Feb-10,0,7.2,0,4.6,1,-1.7,-1, 
24-Feb-10,0,5,0,6.6,0,1,0, 
25-Feb-10,0,0,0,3.2,0,0.1,-0.1, 
26-Feb-10,0,0.5,0,7,0,0.2,-1.9, 
27-Feb-10,0,0.1,0,8.1,1,-1.1,-3.9, 
28-Feb-10,0,0,0,5.1,1,-1.1,-3.4, 
01-Mar-10,0,0,0,8.9,1,-1,-6.5, 
02-Mar-10,0,0,0,7.6,1,-3.8,-8.5, 
03-Mar-10,0,0,0,6.7,1,-0.2,-0.3, 
04-Mar-10,0,0,0,7.2,1,-3.4,-7, 
05-Mar-10,0,0,0,10.6,1,-3.1,-8.1, 
06-Mar-10,0,0,0,8.7,0,0.5,-4.1, 
07-Mar-10,0,0,0,6.7,1,-0.7,-7.5, 
08-Mar-10,0,0,0,6.8,1,-4.9,-9.3, 
09-Mar-10,0,0,0,9.2,1,-4.5,-8.7, 
10-Mar-10,0,0,0,8.3,1,-4,-8.1, 
11-Mar-10,0,0,0,8.7,1,-4.5,-8.8, 
12-Mar-10,0,0,0,10.5,0,1.1,-3.9, 
13-Mar-10,0,0,0,9.7,0,1.3,-4.2, 
14-Mar-10,0,0,0,13.1,0,1.3,-4.9, 
15-Mar-10,0,0.2,0,9.9,0,2.3,-5.5, 
16-Mar-10,0,0,0,10.5,1,-1,-5.1, 
17-Mar-10,0,0,0,15.3,0,4.9,1.9, 
18-Mar-10,0,0.2,0,13.7,0,9.9,6.2, 
19-Mar-10,0,5.9,0,11.3,0,6.6,1.9, 
20-Mar-10,0,0,0,12.3,0,5.7,5, 
21-Mar-10,0,3.3,0,15.1,0,0.4,-3.9, 
22-Mar-10,0,1.6,0,12.1,0,7.4,5.1, 
23-Mar-10,0,0.7,0,10.7,0,1.2,-2.9, 
24-Mar-10,0,6.4,0,13.2,0,6.2,3.3, 
25-Mar-10,0,8.3,0,13.3,0,7.4,4.5, 
26-Mar-10,0,0,0,14,0,5.9,4.1, 
27-Mar-10,0,0,0,12.5,0,3.8,-1.2, 
28-Mar-10,0,6.6,0,11.9,0,4.1,0, 
29-Mar-10,0,14.2,0,10.7,0,4.4,2.1, 
30-Mar-10,0,10.7,0,4,0,0.4,-0.1, 
31-Mar-10,0,0,0,7.6,0,0.9,0, 
01-Apr-10,0,0,0,10.7,0,0.1,-3.7, 
02-Apr-10,0,2,0,9.2,0,0.6,-3.4, 
03-Apr-10,0,4.1,0,10.4,0,0,-3.3, 
04-Apr-10,0,2.3,0,11.2,0,0,-2.5, 
05-Apr-10,0,2.3,0,14.7,0,4.8,5.6, 
06-Apr-10,0,3.7,0,11.7,0,9.4,7.7, 
07-Apr-10,0,0,0,13.1,0,3,-0.5, 
08-Apr-10,0,0,0,15.1,0,5.3,0.5, 
09-Apr-10,0,0,0,15.4,0,4.3,0.7, 
10-Apr-10,0,0,0,16.8,0,2.1,-1.8, 
11-Apr-10,0,0,0,16.9,0,2.7,-0.4, 
12-Apr-10,0,0,0,14.3,0,5.2,0.7, 
13-Apr-10,0,0,0,12.7,0,3.9,0.1, 
14-Apr-10,0,0,0,10.4,0,4.9,1.3, 
15-Apr-10,0,0,0,10.3,0,0.1,-2.5, 
16-Apr-10,0,0,0,13.7,0,0.5,-2.7, 
17-Apr-10,0,0,0,17.3,0,2.3,-1.7, 
18-Apr-10,0,0,0,13.2,0,2,-0.8, 
19-Apr-10,0,0,0,10.3,0,5.1,1.4, 
20-Apr-10,0,0,0,11.8,0,1.4,-3.1, 
21-Apr-10,0,0,0,11.1,1,-1.3,-4.6, 
22-Apr-10,0,0,0,12.3,0,0,-2.9, 
23-Apr-10,0,0,0,16.2,0,3.9,-0.2, 
24-Apr-10,0,0.5,0,17.3,0,2.4,-0.9, 
25-Apr-10,0,2.6,0,18.7,0,10.6,8.8, 
26-Apr-10,0,0,0,18.7,0,9.4,4.9, 
27-Apr-10,0,0.8,0,16.5,0,8,4.5, 
28-Apr-10,0,1.6,0,18.2,0,10.9,9.4, 
29-Apr-10,0,0.2,0,14.2,0,7.7,6, 
30-Apr-10,0,3,0,15,0,7.2,3.5, 
01-May-10,0,6.5,0,12,0,5.5,3, 
02-May-10,0,0.3,0,10.8,0,7,6.3, 
03-May-10,0,0,0,12.4,0,2.2,0, 
04-May-10,0,3.4,0,13.1,0,2.6,-0.3, 
05-May-10,0,3.4,0,16.9,0,8.1,8.1, 
06-May-10,0,1.7,0,13.9,0,9.6,10, 
07-May-10,0,0,0,12.1,0,7,6.3, 
08-May-10,0,0,0,12.9,0,6.7,3.6, 
09-May-10,0,0,0,13.3,0,3.1,0, 
10-May-10,0,1.4,0,10.4,0,3.7,2.1, 
11-May-10,0,3.7,0,11.1,0,0.6,-1.3, 
12-May-10,0,0.6,0,10.7,0,0.3,-1.1, 
13-May-10,0,1.5,0,13.5,0,2,0.5, 
14-May-10,0,0.8,0,15.3,0,5.7,3.8, 
15-May-10,0,0,0,15.8,0,3.9,1.2, 
16-May-10,0,0,0,15.8,0,4.7,1.8, 
17-May-10,0,0,0,15.4,0,5.2,2.2, 
18-May-10,0,2.9,0,16.5,0,6.4,4.1, 
19-May-10,0,1,0,19.2,0,10.9,11.2, 
20-May-10,0,0,0,20.6,0,12.5,10.7, 
21-May-10,0,0,0,21.4,0,9.7,9.6, 
22-May-10,0,0,0,22.1,0,8.3,6.7, 
23-May-10,0,0,0,24.6,0,10.2,9.1, 
24-May-10,0,0,0,18.8,0,10.9,9.9, 
25-May-10,0,0,0,15.4,0,4.1,2.3, 
26-May-10,0,0,0,15.4,0,5.3,3.9, 
27-May-10,0,0,0,15.6,0,3.5,1.6, 
28-May-10,0,8,0,16.8,0,3.5,0.5, 
29-May-10,0,0.4,0,13.1,0,9.8,9.4, 
30-May-10,0,0,0,17.1,0,5.8,3.8, 
31-May-10,0,22,0,17.8,0,8.2,6, 
01-Jun-10,0,0,0,19.7,0,9.3,9.6, 
02-Jun-10,0,0,0,19.1,0,9.1,7.3, 
03-Jun-10,0,0,0,21.9,0,9.3,7.2, 
04-Jun-10,0,0,0,23.5,0,10.9,9.6, 
05-Jun-10,0,3.8,0,21.7,0,11.9,10.2, 
06-Jun-10,0,9.1,0,15.8,0,11.9,10.6, 
07-Jun-10,0,13.3,0,17.5,0,11.2,11, 
08-Jun-10,0,0.3,0,15.4,0,11.8,12.3, 
09-Jun-10,0,0,0,16.8,0,12.7,13, 
10-Jun-10,0,0,0,16.3,0,11.7,11.1, 
11-Jun-10,0,0,0,19.8,0,6.3,4.2, 
12-Jun-10,0,0.5,0,18.7,0,10.9,10.2, 
13-Jun-10,0,11.7,0,17.6,0,10.1,8.7, 
14-Jun-10,0,0,0,17,0,6.9,4.8, 
15-Jun-10,0,0,0,19,0,6.7,5.6, 
16-Jun-10,0,0,0,21.8,0,8.2,7, 
17-Jun-10,0,0,0,19.5,0,12.3,10.9, 
18-Jun-10,0,0,0,20,0,10.6,8.8, 
19-Jun-10,0,0,0,16.6,0,6.4,4.4, 
20-Jun-10,0,0,0,20.9,0,5.6,3.6, 
21-Jun-10,0,0,0,23.5,0,12.1,10.7, 
22-Jun-10,0,0,0,22.7,0,11,9.1, 
23-Jun-10,0,0,0,21.7,0,11.6,9.3, 
24-Jun-10,0,0,0,19.9,0,12.1,10.7, 
25-Jun-10,0,0,0,20.9,0,10.8,8.8, 
26-Jun-10,0,0,0,23.2,0,11.9,10, 
27-Jun-10,0,0,0,24,0,14.5,12.2, 
28-Jun-10,0,2.3,0,21,0,12.1,9.4, 
29-Jun-10,0,0,0,21.2,0,11.6,10.1, 
30-Jun-10,0,2.7,0,23,0,12.6,10.5, 
01-Jul-10,0,0,0,23.4,0,15.7,14.7, 
02-Jul-10,0,0.1,0,21.8,0,13.2,11.1, 
03-Jul-10,0,0,0,21.1,0,11.1,7.9, 
04-Jul-10,0,1,0,21.8,0,14.6,13.8, 
05-Jul-10,0,0.1,0,19.5,0,9.8,7.7, 
06-Jul-10,0,1,0,18.9,0,9.5,8.3, 
07-Jul-10,0,0,0,21.6,0,13.8,14, 
08-Jul-10,0,2.5,0,18.8,0,12.8,11, 
09-Jul-10,0,13.1,0,20.2,0,13.5,14.1, 
10-Jul-10,0,6.6,0,20.5,0,13.8,14, 
11-Jul-10,0,0,0,19.3,0,10.5,10, 
12-Jul-10,0,0,0,18.9,0,10.9,10.1, 
13-Jul-10,0,7.6,0,17.4,0,11.4,10.7, 
14-Jul-10,0,0.8,0,19.7,0,13.5,13.8, 
15-Jul-10,0,22.3,0,20.8,0,11.7,10, 
16-Jul-10,0,0.2,0,18.4,0,10.2,10.9, 
17-Jul-10,0,9.7,0,18.7,0,10.7,9.7, 
18-Jul-10,0,2.6,0,22.2,0,12.2,13, 
19-Jul-10,0,0.9,0,20.9,0,16.2,15.5, 
20-Jul-10,0,2.7,0,19.4,0,14.1,14, 
21-Jul-10,0,0,0,19.7,0,13.7,14.5, 
22-Jul-10,0,0.5,0,16.3,0,12.7,10.8, 
23-Jul-10,0,0.3,0,20.7,0,11,7.8, 
24-Jul-10,0,0.1,0,22.4,0,13.1,9.2, 
25-Jul-10,0,0,0,21.8,0,13.5,10.6, 
26-Jul-10,0,0.8,0,24.7,0,15.8,16.6, 
27-Jul-10,0,0,0,21.1,0,15,15, 
28-Jul-10,0,0,0,19.8,0,12.6,8.4, 
29-Jul-10,0,1.2,0,19.3,0,13.3,13.1, 
30-Jul-10,0,4,0,19.4,0,13.9,11.8, 
31-Jul-10,0,3.4,0,19.3,0,12.8,11.2, 
01-Aug-10,0,1.6,0,19.2,0,12.2,10.5, 
02-Aug-10,0,0.2,0,16.8,0,9.2,5.1, 
03-Aug-10,0,5.3,0,17.9,0,14.1,12.7, 
04-Aug-10,0,0.2,0,19.1,0,10.9,11.1, 
05-Aug-10,0,0.1,0,20.3,0,12.1,10, 
06-Aug-10,0,1.2,0,19.3,0,14.5,13.1, 
07-Aug-10,0,0.1,0,19.8,0,13.8,11.1, 
08-Aug-10,0,1.2,0,21.5,0,13.1,12.5, 
09-Aug-10,0,0,0,20,0,13.8,11.5, 
10-Aug-10,0,0,0,20.6,0,9.6,5.2, 
11-Aug-10,0,1.1,0,18.7,0,8.5,4.6, 
12-Aug-10,0,0.1,0,16.9,0,11,7, 
13-Aug-10,0,0,0,18.4,0,10.3,6.3, 
14-Aug-10,0,0,0,19.5,0,8.2,3.6, 
15-Aug-10,0,0,0,21.2,0,9.7,6, 
16-Aug-10,0,4.3,0,18.2,0,11.4,7, 
17-Aug-10,0,0.1,0,18.8,0,13.7,14.2, 
18-Aug-10,0,2.4,0,18.8,0,10.4,6.1, 
19-Aug-10,0,3.2,0,20.7,0,11.2,7.6, 
20-Aug-10,0,2.9,0,21.6,0,14,14.5, 
21-Aug-10,0,0,0,20.6,0,9.6,6.2, 
22-Aug-10,0,7.8,0,21.7,0,12.1,8.4, 
23-Aug-10,0,2.1,0,17,0,12.5,12.8, 
24-Aug-10,0,0.8,0,19.2,0,10.2,7.4, 
25-Aug-10,0,0,0,16.5,0,6.2,2.4, 
26-Aug-10,0,0,0,17.9,0,9.4,4.6, 
27-Aug-10,0,0.3,0,19.9,0,7.9,2.9, 
28-Aug-10,0,0.1,0,18.9,0,8.4,3.3, 
29-Aug-10,0,0.1,0,17.1,0,12.1,11.2, 
30-Aug-10,0,0,0,17.1,0,3.7,-0.8, 
31-Aug-10,0,0,0,18.7,0,4.4,-0.6, 
01-Sep-10,0,0,0,19.6,0,6.7,2.3, 
02-Sep-10,0,0,0,22.1,0,7.8,2.5, 
03-Sep-10,0,0.8,0,21.8,0,8.5,3.5, 
04-Sep-10,0,8.3,0,17.6,0,12.4,7.7, 
05-Sep-10,0,3.9,0,16.7,0,13.9,11.4, 
06-Sep-10,0,12.8,0,15.6,0,14.2,13.6, 
07-Sep-10,0,1.2,0,17.7,0,12.1,9.3, 
08-Sep-10,0,0.1,0,20,0,9.9,4.6, 
09-Sep-10,0,5.4,0,19.9,0,12.1,8.4, 
10-Sep-10,0,8.9,0,21.5,0,13.9,13.5, 
11-Sep-10,0,2.9,0,18.8,0,12,7.8, 
12-Sep-10,0,1.1,0,18.2,0,8.4,4.3, 
13-Sep-10,0,12.4,0,20.1,0,13,12, 
14-Sep-10,0,0.2,0,18.1,0,14.7,15.3, 
15-Sep-10,0,0.4,0,17.1,0,8.9,5.3, 
16-Sep-10,0,1,0,16.9,0,9.4,5.7, 
17-Sep-10,0,0,0,14.7,0,5.8,1.2, 
18-Sep-10,0,7.5,0,14.6,0,5.1,1.1, 
19-Sep-10,0,4.3,0,18,0,10.8,11.7, 
20-Sep-10,0,0.1,0,20.8,0,13,9.8, 
21-Sep-10,0,3,0,20.1,0,12.2,8.3, 
22-Sep-10,0,12.2,0,21.1,0,13.8,10.4, 
23-Sep-10,0,5,0,16.5,0,12.6,9.9, 
24-Sep-10,0,0,0,13.9,0,9.2,8.2, 
25-Sep-10,0,0,0,11.5,0,3.1,-1.2, 
26-Sep-10,0,0,0,13.8,0,7.2,5.4, 
27-Sep-10,0,0,0,15.8,0,3.7,-0.1, 
28-Sep-10,0,5.3,0,17.3,0,7.5,2.5, 
29-Sep-10,0,0,0,17.1,0,8.6,8.5, 
30-Sep-10,0,0.7,0,15.9,0,6.2,1.3, 
01-Oct-10,0,0.1,0,17.8,0,10.5,10.7, 
02-Oct-10,0,0.5,0,15,0,7.4,1.8, 
03-Oct-10,0,0,0,17.8,0,9.2,6.2, 
04-Oct-10,0,0,0,16.8,0,7.1,0.8, 
05-Oct-10,0,0,0,16.4,0,10.7,6.8, 
06-Oct-10,0,0,0,17,0,6.9,0.9, 
07-Oct-10,0,0.1,0,17.5,0,8,3.2, 
08-Oct-10,0,0,0,19.2,0,13.7,11.5, 
09-Oct-10,0,0,0,16.4,0,13.5,9.8, 
10-Oct-10,0,0.2,0,14.5,0,12.7,11, 
11-Oct-10,0,0,0,16,0,7.1,0.9, 
12-Oct-10,0,0,0,14.9,0,4.7,-0.3, 
13-Oct-10,0,0,0,10.8,0,6.5,1.4, 
14-Oct-10,0,0,0,11.4,0,9.2,8.6, 
15-Oct-10,0,0,0,15.1,0,6.8,2.4, 
16-Oct-10,0,0,0,13.4,0,4.1,-1, 
17-Oct-10,0,0,0,13.3,0,1.6,-2.9, 
18-Oct-10,0,0.6,0,13.3,0,5.2,2.9, 
19-Oct-10,0,0.1,0,12.1,0,5.4,0.6, 
20-Oct-10,0,0,0,10.2,1,-0.3,-5.5, 
21-Oct-10,0,0,0,13.2,0,2.3,-2.7, 
22-Oct-10,0,2.8,0,12.5,0,6.4,0.9, 
23-Oct-10,0,0.2,0,12.4,0,5.6,3.1, 
24-Oct-10,0,0,0,10.7,1,-0.3,-5.8, 
25-Oct-10,0,1.8,0,14.9,1,-2.1,-6.5, 
26-Oct-10,0,0.4,0,17.7,0,2.8,2.3, 
27-Oct-10,0,4.4,0,14.2,0,9.7,6.1, 
28-Oct-10,0,3.7,0,16,0,7.7,3.2, 
29-Oct-10,0,6.5,0,14.4,0,10.3,9.8, 
30-Oct-10,0,3.1,0,13.3,0,3.1,-1.5, 
31-Oct-10,0,0.4,0,11.6,0,5,0.6, 
01-Nov-10,0,0.7,0,14.1,0,3.6,-0.9, 
02-Nov-10,0,7.5,0,12.8,0,5.9,7.1, 
03-Nov-10,0,5.6,0,15.6,0,8.1,3.5, 
04-Nov-10,0,5.2,0,16.6,0,9.6,9.9, 
05-Nov-10,0,4.2,0,11.7,0,10,7.1, 
06-Nov-10,0,3.4,0,8.1,0,3.1,-2, 
07-Nov-10,0,7,0,7.4,0,2.1,-1.6, 
08-Nov-10,0,9.7,0,9.8,0,2.5,1, 
09-Nov-10,0,1,0,9.2,0,4.7,5.3, 
10-Nov-10,0,4.7,0,11.8,1,-1.1,-5.8, 
11-Nov-10,0,1.4,0,10.3,1,-0.2,-2.2, 
12-Nov-10,0,3.3,0,10,0,7.1,4.5, 
13-Nov-10,0,1.3,0,8.2,0,4.3,-0.4, 
14-Nov-10,0,0,0,6.6,0,0.6,-4, 
15-Nov-10,0,0,0,8.5,1,-2.1,-6, 
16-Nov-10,0,10.7,0,10.4,1,-0.1,-5, 
17-Nov-10,0,0.1,0,12,0,4.8,-0.1, 
18-Nov-10,0,0,0,11.3,0,7.6,4.9, 
19-Nov-10,0,1.2,0,10.5,0,1.4,-3.8, 
20-Nov-10,0,0.5,0,9.5,0,1.8,-2.4, 
21-Nov-10,0,6.3,0,7.2,0,4,1, 
22-Nov-10,0,13.2,0,6.6,0,1,-1.2, 
23-Nov-10,0,0.2,0,6.7,0,2.8,-0.8, 
24-Nov-10,0,0,0,5.6,0,0,-4, 
25-Nov-10,0,0.9,0,4.1,1,-1.7,-8.2, 
26-Nov-10,0,4.2,0,3.8,1,-0.5,-5.4, 
27-Nov-10,0,1.2,0,3.2,1,-2.6,-8, 
28-Nov-10,0,0,1,-3.3,1,-6.4,-8.4, 
29-Nov-10,0,6.2,0,3.7,1,-8.2,-10.2, 
30-Nov-10,0,4.7,0,4.1,1,-7.8,-9.4, 
01-Dec-10,0,7.9,0,0.9,1,-2.2,-4.5, 
02-Dec-10,0,5.2,0,1.3,1,-5,-2.7, 
03-Dec-10,0,1.6,0,2.4,1,-8.3,-1.8, 
04-Dec-10,0,0.6,0,2.2,1,-3,-1.5, 
05-Dec-10,0,0,1,-1.1,1,-2,-0.1, 
06-Dec-10,0,3.1,0,1.2,1,-6.7,-4.2, 
07-Dec-10,0,3.9,0,3,1,-6.6,-5.4, 
08-Dec-10,0,0,1,-0.1,1,-6.9,-4, 
09-Dec-10,0,0.1,0,4.1,1,-6.3,-4.1, 
10-Dec-10,0,0.1,0,5.7,1,-0.8,-1.3, 
11-Dec-10,0,0.2,0,5.9,0,4,-0.1, 
12-Dec-10,0,0,0,6.7,1,-1,-5.1, 
13-Dec-10,0,0,0,6,0,0.4,-5, 
14-Dec-10,0,0,0,4.9,1,-1.1,-4.8, 
15-Dec-10,0,0.1,0,7.7,1,-1.1,-4.5, 
16-Dec-10,0,0.5,0,7.8,0,2.3,1.7, 
17-Dec-10,0,0.1,0,0.7,1,-2.6,-7.2, 
18-Dec-10,0,0,1,-0.4,1,-3.4,-6.9, 
19-Dec-10,0,0,0,2.8,1,-8.4,-13.2, 
20-Dec-10,0,0.8,0,0,1,-7.3,-12.7, 
21-Dec-10,0,12.3,0,1.1,1,-9.4,-12.2, 
22-Dec-10,0,1.2,1,-1.3,1,-9.7,-9.5, 
23-Dec-10,0,9.8,0,0.3,1,-9.8,-2.6, 
24-Dec-10,0,0,1,-5,1,-10.6,-2, 
25-Dec-10,0,0.3,0,2.3,1,-10.2,-2.3, 
26-Dec-10,0,4.7,0,8.3,1,-10.8,-2.6, 
27-Dec-10,0,9.6,0,9.4,0,2.3,-1.7, 
28-Dec-10,0,0,0,11.7,0,3.4,-0.4, 
29-Dec-10,0,0.1,0,8.8,0,3.2,-0.2, 
30-Dec-10,0,0.1,0,9.1,0,5.3,0.4, 
31-Dec-10,0,0,0,8,0,6.5,5.4, 
01-Jan-11,0,0.1,0,7.8,0,5.3,3.8, 
02-Jan-11,0,0,0,2.7,0,1.7,-1.3, 
03-Jan-11,0,0,0,3.4,0,0,-0.8, 
04-Jan-11,0,1.4,0,5.7,1,-2.8,-7.3, 
05-Jan-11,0,0.1,0,5.8,0,2.5,-0.7, 
06-Jan-11,0,0,0,3.6,0,0.4,-5, 
07-Jan-11,0,10.8,0,5,1,-5.2,-10.6, 
08-Jan-11,0,0,0,3.9,1,-1.3,-4.1, 
09-Jan-11,0,1.5,0,8,1,-0.4,-2.3, 
10-Jan-11,0,2,0,9,0,0.5,-5.1, 
11-Jan-11,0,1.9,0,11.5,0,1.8,-1.7, 
12-Jan-11,0,2.2,0,12.1,0,1.7,-1.6, 
13-Jan-11,0,0.3,0,12,0,10.3,7.2, 
14-Jan-11,0,3.5,0,12.2,0,8.8,5.7, 
15-Jan-11,0,2.4,0,12.8,0,6.1,1.8, 
16-Jan-11,0,0,0,11.2,0,8.8,5, 
17-Jan-11,0,0,0,7.3,0,1.4,-3.2, 
18-Jan-11,0,0,0,5.3,0,0.2,-6.3, 
19-Jan-11,0,0,0,6,1,-3.9,-9.1, 
20-Jan-11,0,0,0,3.1,1,-5.8,-10.1, 
21-Jan-11,0,0,0,3.9,1,-5.4,-9, 
22-Jan-11,0,0,0,5.9,1,-1.9,-7.6, 
23-Jan-11,0,0,0,4.3,0,0,-0.6, 
24-Jan-11,0,0.2,0,7.3,0,1.2,0.5, 
25-Jan-11,0,1.4,0,9.2,0,2.8,2.3, 
26-Jan-11,0,0.7,0,6.3,0,4.9,0.9, 
27-Jan-11,0,0,0,4.6,0,3.5,-0.6, 
28-Jan-11,0,0,0,3.8,1,-0.3,-4.5, 
29-Jan-11,0,0,0,4.8,1,-0.5,-4.7, 
30-Jan-11,0,0,0,3.1,1,-0.3,-3.6, 
31-Jan-11,0,0.8,0,9.4,1,-3.4,-8.1, 
01-Feb-11,0,0.2,0,10.9,1,-1.5,-4.9, 
02-Feb-11,0,1,0,12.7,0,6.3,-0.4, 
03-Feb-11,0,7.2,0,11.9,0,2.9,-0.6, 
04-Feb-11,0,18.9,0,13.3,0,3.3,-0.4, 
05-Feb-11,0,17.5,0,11.4,0,7.6,7, 
06-Feb-11,0,4.4,0,12.1,0,6.4,5.8, 
07-Feb-11,0,1.2,0,9.2,0,6.6,6.1, 
08-Feb-11,0,3.1,0,10.6,1,-1.8,-7.1, 
09-Feb-11,0,4,0,12.2,1,-0.7,-3.3, 
10-Feb-11,0,0,0,8.5,0,5.6,3.3, 
11-Feb-11,0,1.1,0,10.6,0,5.8,0.1, 
12-Feb-11,0,0.9,0,9,0,0,-5.2, 
13-Feb-11,0,0.1,0,8.7,0,0.7,-2.9, 
14-Feb-11,0,0,0,7.4,0,1.6,-2.3, 
15-Feb-11,0,11.7,0,7.3,0,0.4,-4.3, 
16-Feb-11,0,3.8,0,8.6,1,-0.4,-5.4, 
17-Feb-11,0,1.3,0,7.3,0,1.1,-3.3, 
18-Feb-11,0,0.5,0,8.1,0,1.8,-2.4, 
19-Feb-11,0,0.1,0,13.5,0,2.5,-1.6, 
20-Feb-11,0,1.1,0,9,0,2.2,-2.2, 
21-Feb-11,0,2.4,0,11.2,0,5.9,2, 
22-Feb-11,0,1.4,0,12.8,0,4.8,-2.4, 
23-Feb-11,0,0,0,14,0,5.5,5.1, 
24-Feb-11,0,0.1,0,15.7,0,7.9,2.3, 
25-Feb-11,0,0.8,0,13.8,0,9.4,6, 
26-Feb-11,0,0.3,0,10.8,0,5.1,2, 
27-Feb-11,0,0.6,0,10.3,0,2.6,-0.8, 
28-Feb-11,0,0,0,9.9,1,-0.7,-6.1, 
01-Mar-11,0,0,0,10.7,1,-2.1,-6.3, 
02-Mar-11,0,0,0,9.2,1,-3.5,-7.9, 
03-Mar-11,0,0,0,8.9,1,-3.1,-7.7, 
04-Mar-11,0,0,0,10.3,0,0,-4.2, 
05-Mar-11,0,0.4,0,9.1,0,5.1,4.1, 
06-Mar-11,0,0,0,7.9,0,5.4,5, 
07-Mar-11,0,0,0,10.6,1,-0.3,-4.6, 
08-Mar-11,0,0,0,10.5,1,-1.5,-7.1, 
09-Mar-11,0,1.4,0,11.4,2,3.8,1.5, 
10-Mar-11,0,0.7,0,11.3,0,5.5,5.7, 
11-Mar-11,0,9.6,0,9.5,0,2.7,-0.8, 
12-Mar-11,0,0,0,12.1,0,5,0.2, 
13-Mar-11,0,0,0,9.1,0,0.2,-2.1, 
14-Mar-11,0,3,0,9,1,-0.6,-4.6, 
15-Mar-11,0,0.1,0,10.4,0,4.2,2.6, 
16-Mar-11,0,0.5,0,9.4,1,-1.3,-4.8, 
17-Mar-11,0,0,0,10.4,0,0.6,-4.1, 
18-Mar-11,0,0,0,11.9,1,-1.3,-4.5, 
19-Mar-11,0,0.7,0,12.7,0,0.7,-4.4, 
20-Mar-11,0,0.1,0,15.8,2,5.9,5.5, 
21-Mar-11,0,0,0,14.9,0,4.4,-1.4, 
22-Mar-11,0,0,0,15.4,0,4.1,-1.3, 
23-Mar-11,0,0,0,14.5,0,1.2,-2.7, 
24-Mar-11,0,0,0,14.6,0,0.9,-3.6, 
25-Mar-11,0,0,0,11.9,0,1.7,-2.5, 
26-Mar-11,0,0,0,9.4,1,-0.6,-5.1, 
27-Mar-11,0,0,0,11.4,2,3.5,-1.5, 
28-Mar-11,0,0.1,0,10.8,0,1.3,-3.1, 
29-Mar-11,0,0.5,0,12.3,0,4.4,0, 
30-Mar-11,0,1.3,0,16,0,6.2,1.5, 
31-Mar-11,0,0.3,0,16.2,2,9.7,8.7, 
01-Apr-11,0,0.2,0,15,0,11.1,7.7, 
02-Apr-11,0,10.7,0,15.3,0,5.8,3.4, 
03-Apr-11,0,0.8,0,12.7,0,4.6,-0.3, 
04-Apr-11,0,5.4,0,16.7,0,3.6,-1.6, 
05-Apr-11,0,1.9,0,18.1,0,9.6,9.5, 
06-Apr-11,0,0.3,0,19.4,0,13,9.8, 
07-Apr-11,0,0,0,16.4,0,10.5,8.9, 
08-Apr-11,0,0,0,16.8,0,3.4,-0.1, 
09-Apr-11,0,0,0,19.3,0,7.4,3.6, 
10-Apr-11,0,0.2,0,21.1,0,7.3,3.6, 
11-Apr-11,0,0.1,0,13.9,0,9.9,5.4, 
12-Apr-11,0,2.4,0,13.7,0,3.5,-1.5, 
13-Apr-11,0,0.1,0,14,0,6.3,4.9, 
14-Apr-11,0,0,0,13.8,0,6.1,2.6, 
15-Apr-11,0,0.1,0,15.6,0,9.2,8.7, 
16-Apr-11,0,0.1,0,15.2,0,6.7,1.8, 
17-Apr-11,0,0,0,13.5,0,1.8,-1.5, 
18-Apr-11,0,0,0,17.5,0,4.9,0.6, 
19-Apr-11,0,0,0,17.3,0,3.8,-0.3, 
20-Apr-11,0,0,0,19,0,3.9,0, 
21-Apr-11,0,0,0,18.8,0,8.2,4.5, 
22-Apr-11,0,0,0,21,0,7.5,3.3, 
23-Apr-11,0,0,0,16.6,0,8.8,7.9, 
24-Apr-11,0,0,0,17.1,0,4.1,0.2, 
25-Apr-11,0,1.1,0,13,0,9,6.5, 
26-Apr-11,0,0,0,13,0,6.3,3.4, 
27-Apr-11,0,0,0,15.9,0,3.5,0.4, 
28-Apr-11,0,0,0,16,0,4.1,4, 
29-Apr-11,0,0,0,16.4,0,3.2,0, 
30-Apr-11,0,0,0,16.8,0,9.5,6.5, 
01-May-11,0,0,0,16.9,0,8.8,5.4, 
02-May-11,0,0,0,15.2,0,8.9,6, 
03-May-11,0,0,0,13.6,0,7.2,4.7, 
04-May-11,0,3.3,0,15,0,8.2,4.2, 
05-May-11,0,1.9,0,15.3,0,10.2,8.9, 
06-May-11,0,0.1,0,17.4,0,10,6.4, 
07-May-11,0,10,0,17.9,0,11,6.6, 
08-May-11,0,0,0,16.7,0,10.6,9.3, 
09-May-11,0,0.4,0,17.4,0,11.9,8.5, 
10-May-11,0,0.6,0,18.2,0,11.2,7.3, 
11-May-11,0,1.5,0,15.2,0,8.3,4, 
12-May-11,0,0,0,15.8,0,9,6.9, 
13-May-11,0,4.5,0,13.5,0,7.8,3.8, 
14-May-11,0,3.9,0,14,0,5.9,2.3, 
15-May-11,0,0.4,0,14.7,0,5.9,2.7, 
16-May-11,0,0.8,0,16.4,0,10.6,9.5, 
17-May-11,0,1.1,0,16.6,0,11.7,11.6, 
18-May-11,0,0,0,16,0,8.3,6.3, 
19-May-11,0,0.7,0,14.4,0,4.3,-0.2, 
20-May-11,0,0,0,15.6,0,8.7,4.8, 
21-May-11,0,5.2,0,16,0,4.7,1.4, 
22-May-11,0,5,0,15.6,0,7.9,4.7, 
23-May-11,0,0.1,0,14.8,0,9.3,7.6, 
24-May-11,0,0.5,0,16.1,0,5.4,2.4, 
25-May-11,0,4.1,0,15.1,0,7.7,4.1, 
26-May-11,0,0.3,0,14.4,0,9.8,9.2, 
27-May-11,0,1.3,0,13.9,0,4.8,0.4, 
28-May-11,0,0.2,0,16,0,9.6,9.6, 
29-May-11,0,0,0,17.3,0,10.9,10, 
30-May-11,0,2.1,0,14.4,0,8.7,7.6, 
31-May-11,0,0.2,0,17.4,0,3.8,-1, 
01-Jun-11,0,0,0,20.3,0,10.8,8.3, 
02-Jun-11,0,0,0,20.7,0,11.4,9.4, 
03-Jun-11,0,0,0,22.4,0,8.6,2.9, 
04-Jun-11,0,0,0,19.2,0,9,4.1, 
05-Jun-11,0,0.7,0,13.3,0,11.1,11.4, 
06-Jun-11,0,1,0,15.9,0,5,-0.6, 
07-Jun-11,0,1.5,0,14.9,0,8.5,6.9, 
08-Jun-11,0,3.2,0,15.9,0,7.7,2.9, 
09-Jun-11,0,4,0,14.5,0,4.2,-0.4, 
10-Jun-11,0,1.1,0,14,0,1.9,-1, 
11-Jun-11,0,1,0,15.9,0,4.8,0.8, 
12-Jun-11,0,9.8,0,14.1,0,4.6,-0.6, 
13-Jun-11,0,0,0,19.1,0,9.2,10, 
14-Jun-11,0,0,0,18.8,0,4.4,0.2, 
15-Jun-11,0,0,0,20.1,0,12.8,10.3, 
16-Jun-11,0,5.9,0,17.4,0,7,2.2, 
17-Jun-11,0,4.5,0,16,0,8.6,4.5, 
18-Jun-11,0,5.2,0,17.7,0,7.4,2.8, 
19-Jun-11,0,0,0,17.1,0,7.6,4, 
20-Jun-11,0,9.8,0,17.9,0,6,1.7, 
21-Jun-11,0,1.7,0,18.9,0,10.1,10.3, 
22-Jun-11,0,1,0,18.8,0,10.7,9.2, 
23-Jun-11,0,0.5,0,17.9,0,8.7,4.2, 
24-Jun-11,0,13.1,0,17.7,0,6.2,0.3, 
25-Jun-11,0,0,0,22.8,0,10.6,11.1, 
26-Jun-11,0,0,0,24,0,15.6,12.1, 
27-Jun-11,0,0,0,17.8,0,12.5,12.9, 
28-Jun-11,0,0.9,0,18.2,0,7.5,3.4, 
29-Jun-11,0,1.8,0,17.7,0,6.6,2.6, 
30-Jun-11,0,0,0,18.3,0,9.3,7.7, 
01-Jul-11,0,0,0,17.5,0,8.1,4.7, 
02-Jul-11,0,0,0,18.9,0,8.4,4.9, 
03-Jul-11,0,0,0,20.2,0,8.2,3.6, 
04-Jul-11,0,1.8,0,22.4,0,10.7,6.7, 
05-Jul-11,0,3,0,21.5,0,14,12.6, 
06-Jul-11,0,3,0,18.2,0,10.3,10.3, 
07-Jul-11,0,4.8,0,19.4,0,8.3,5, 
08-Jul-11,0,1.8,0,16.4,0,12,10.4, 
09-Jul-11,0,0.1,0,20.2,0,9.4,5.2, 
10-Jul-11,0,0,0,18.8,0,10.9,7.6, 
11-Jul-11,0,0,0,17.5,0,9,5.5, 
12-Jul-11,0,0,0,18.5,0,10.2,8.4, 
13-Jul-11,0,0,0,19.3,0,7.5,4, 
14-Jul-11,0,0.8,0,22.3,0,8.6,4.8, 
15-Jul-11,0,0.8,0,18.6,0,12.1,8.3, 
16-Jul-11,0,10.4,0,19.5,0,13.2,12.6, 
17-Jul-11,0,0.6,0,15.8,0,11.2,9.7, 
18-Jul-11,0,0.5,0,17.4,0,12.2,12, 
19-Jul-11,0,0,0,16.6,0,12.4,12.1, 
20-Jul-11,0,2.2,0,16.5,0,9.4,7.2, 
21-Jul-11,0,7.4,0,13.8,0,11.1,10.8, 
22-Jul-11,0,0,0,17.8,0,6.4,3, 
23-Jul-11,0,0,0,20.7,0,7.1,4.2, 
24-Jul-11,0,0,0,21.9,0,12.7,10.4, 
25-Jul-11,0,0.6,0,20.5,0,10.4,8.3, 
26-Jul-11,0,0,0,20.5,0,13.5,14.3, 
27-Jul-11,0,8.5,0,22.9,0,11.3,8.5, 
28-Jul-11,0,0.2,0,17.2,0,13.2,14.6, 
29-Jul-11,0,0.5,0,17.4,0,11.8,11.8, 
30-Jul-11,0,0,0,20.5,0,10.7,8.3, 
31-Jul-11,0,0.9,0,21.5,0,14.4,13.1, 
01-Aug-11,0,0.2,0,18.7,0,14.1,14.4, 
02-Aug-11,0,0,0,20.1,0,12.6,12.1, 
03-Aug-11,0,0,0,19.8,0,10.1,7.5, 
04-Aug-11,0,0.4,0,23.6,0,14.4,13.1, 
05-Aug-11,0,0,0,18.1,0,8,2.7, 
06-Aug-11,0,11.8,0,17.6,0,10.3,7.3, 
07-Aug-11,0,2,0,17.6,0,10.1,7.2, 
08-Aug-11,0,0.1,0,20.1,0,9.8,6.3, 
09-Aug-11,0,0.1,0,18.1,0,7.6,2.2, 
10-Aug-11,0,4.1,0,18.5,0,13,11.1, 
11-Aug-11,0,0.6,0,21.1,0,15.5,14.8, 
12-Aug-11,0,1.1,0,20.1,0,14.9,13.5, 
13-Aug-11,0,0,0,18.5,0,13.1,10.6, 
14-Aug-11,0,0.2,0,19.1,0,12,9.7, 
15-Aug-11,0,7.4,0,18.9,0,9.5,4.4, 
16-Aug-11,0,0.3,0,19.9,0,12.7,12.4, 
17-Aug-11,0,0,0,19.1,0,6.2,0.9, 
18-Aug-11,0,7.6,0,17.2,0,8,3.5, 
19-Aug-11,0,0.1,0,17.2,0,8.4,3.3, 
20-Aug-11,0,0,0,18.7,0,9.5,3.7, 
21-Aug-11,0,0,0,20.2,0,12,7.4, 
22-Aug-11,0,0,0,18.6,0,7.1,1.5, 
23-Aug-11,0,0,0,19.1,0,7.3,2, 
24-Aug-11,0,0.2,0,18.8,0,10.4,5, 
25-Aug-11,0,2.1,0,17.7,0,8.6,3.2, 
26-Aug-11,0,0.4,0,19.6,0,7.7,2.6, 
27-Aug-11,0,3.5,0,17.8,0,9.3,6.8, 
28-Aug-11,0,1.3,0,17.6,0,10.5,6.4, 
29-Aug-11,0,0,0,16.2,0,5.4,0.1, 
30-Aug-11,0,0,0,16,0,10.1,9.9, 
31-Aug-11,0,0,0,16,0,11.1,9.9, 
01-Sep-11,0,0,0,19.7,0,6.2,1.4, 
02-Sep-11,0,6.8,0,19.4,0,14.6,11.5, 
03-Sep-11,0,0,0,16.9,0,14,13.5, 
04-Sep-11,0,4.5,0,15.9,0,6.5,1, 
05-Sep-11,0,4.7,0,16.2,0,8.8,5.5, 
06-Sep-11,0,1.8,0,16.5,0,12.2,10.5, 
07-Sep-11,0,4.1,0,15.8,0,11.8,9.7, 
08-Sep-11,0,0.3,0,18.8,0,10.7,10.6, 
09-Sep-11,0,0.7,0,22.3,0,14.1,13.5, 
10-Sep-11,0,0.6,0,20.2,0,16.8,15.6, 
11-Sep-11,0,1.9,0,17.6,0,12,9.2, 
12-Sep-11,0,0.2,0,17.1,0,12.9,12.2, 
13-Sep-11,0,0.4,0,15.8,0,10,6.8, 
14-Sep-11,0,0,0,16.2,0,8.2,4.6, 
15-Sep-11,0,2.8,0,17.1,0,10.4,8.6, 
16-Sep-11,0,6.6,0,18.4,0,10.7,7.8, 
17-Sep-11,0,2.4,0,16.2,0,10.1,8.6, 
18-Sep-11,0,0.9,0,15.6,0,10.1,7.9, 
19-Sep-11,0,0.4,0,18.2,0,10.1,8.2, 
20-Sep-11,0,0,0,15,0,7,2.1, 
21-Sep-11,0,1.4,0,16,0,9,4.2, 
22-Sep-11,0,0.3,0,17.2,0,8.4,3.2, 
23-Sep-11,0,0.1,0,17.4,0,11.3,9.9, 
24-Sep-11,0,0,0,18.8,0,10.4,5.2, 
25-Sep-11,0,1.2,0,17.9,0,11.9,8, 
26-Sep-11,0,0,0,18.2,0,7.2,2.4, 
27-Sep-11,0,0,0,20.4,0,12,7.8, 
28-Sep-11,0,0,0,25.7,0,12.5,8.9, 
29-Sep-11,0,0,0,22.4,0,14.9,11.1, 
30-Sep-11,0,30.5,0,21.5,0,17.3,12.1, 
01-Oct-11,0,20.3,0,15.1,0,13.7,13.8, 
02-Oct-11,0,1.1,0,18.8,0,13.7,13.8, 
03-Oct-11,0,0.1,0,21.1,0,14.3,11.5, 
04-Oct-11,0,0,0,16.9,0,8.6,3.4, 
05-Oct-11,0,1.6,0,20.8,0,11.6,11.8, 
06-Oct-11,0,1.3,0,13.2,0,6.4,3.3, 
07-Oct-11,0,0.3,0,14.8,0,9,7.5, 
08-Oct-11,0,0.1,0,19.5,0,7.5,2.7, 
09-Oct-11,0,0.4,0,17.7,0,12.6,14.1, 
10-Oct-11,0,2.6,0,16.8,0,15.4,14.3, 
11-Oct-11,0,0.3,0,17,0,14.9,13.4, 
12-Oct-11,0,0.1,0,19.1,0,13.9,11.8, 
13-Oct-11,0,0,0,17.9,0,12.2,12.2, 
14-Oct-11,0,0.2,0,16.3,0,6.7,3.8, 
15-Oct-11,0,2,0,15.6,0,12.2,11.3, 
16-Oct-11,0,0,0,15.1,0,6.3,2.5, 
17-Oct-11,0,4.7,0,15,0,8.6,4.3, 
18-Oct-11,0,0.2,0,12,0,4.9,2.2, 
19-Oct-11,0,0,0,11.6,0,3.2,0.5, 
20-Oct-11,0,0,0,12.3,0,2.5,-0.9, 
21-Oct-11,0,0,0,14.2,0,6.8,7.5, 
22-Oct-11,0,2.1,0,13.7,0,11.9,8.1, 
23-Oct-11,0,16.9,0,15.8,0,8,6.1, 
24-Oct-11,0,73.5,0,12,0,11.2,9.3, 
25-Oct-11,0,1.7,0,12.7,0,5.2,2.2, 
26-Oct-11,0,0,0,11.7,0,4.7,0, 
27-Oct-11,0,0.1,0,12.9,0,6.9,2.3, 
28-Oct-11,0,0.2,0,14.6,0,2.1,-1.2, 
29-Oct-11,0,4.2,0,16.5,0,6.6,1.2, 
30-Oct-11,0,0.2,0,17.7,0,10.4,5.4, 
31-Oct-11,0,3.6,0,16.6,0,12.3,9.9, 
01-Nov-11,0,0,0,14.4,0,5.2,1.1, 
02-Nov-11,0,1.6,0,15,0,7.3,3.3, 
03-Nov-11,0,2.2,0,15.9,0,13.2,11.8, 
04-Nov-11,0,0.1,0,13.1,0,7,1.1, 
05-Nov-11,0,0,0,9.9,0,2.4,-3.1, 
06-Nov-11,0,0,0,12.3,1,-1,-5.8, 
07-Nov-11,0,0,0,11.4,1,-1.7,-6.5, 
08-Nov-11,0,0.1,0,13,1,-0.4,-3.4, 
09-Nov-11,0,0,0,15.7,0,10.6,8.5, 
10-Nov-11,0,0,0,15.1,0,6.5,-0.1, 
11-Nov-11,0,10.6,0,13.8,0,10.2,5.3, 
12-Nov-11,0,0,0,14.1,0,6.2,1.5, 
13-Nov-11,0,0,0,15.2,0,7.8,6.8, 
14-Nov-11,0,0,0,13.8,0,12.2,9.5, 
15-Nov-11,0,0,0,12.7,0,9.3,6, 
16-Nov-11,0,9.4,0,11.7,0,6.8,0.5, 
17-Nov-11,0,1,0,14,0,5.3,-0.5, 
18-Nov-11,0,0,0,15.5,0,9.9,9.1, 
19-Nov-11,0,0,0,13.7,0,12.1,10.1, 
20-Nov-11,0,0,0,13.5,0,9.3,4.8, 
21-Nov-11,0,0,0,12.5,0,6.6,1.2, 
22-Nov-11,0,0,0,11.2,0,2.3,-2.5, 
23-Nov-11,0,0,0,13.2,0,2.3,-2.4, 
24-Nov-11,0,7.9,0,13.1,0,11.2,9, 
25-Nov-11,0,0.2,0,11.3,0,5.3,1.6, 
26-Nov-11,0,4.5,0,13.9,0,5.8,-0.1, 
27-Nov-11,0,0,0,8.9,0,6.2,3.4, 
28-Nov-11,0,4.1,0,13.8,0,4.2,-1.6, 
29-Nov-11,0,6.8,0,12.3,0,8.9,7.8, 
30-Nov-11,0,5.2,0,10.9,0,4.2,-0.1, 
01-Dec-11,0,0,0,6.4,0,3,-1.2, 
02-Dec-11,0,2.3,0,10.4,0,1.4,-5, 
03-Dec-11,0,0,0,8.8,0,3.8,1.4, 
04-Dec-11,0,1.3,0,5.8,0,4.6,1, 
05-Dec-11,0,0.1,0,4.6,0,0.8,-2.5, 
06-Dec-11,0,0.9,0,7.8,0,1.5,-1.9, 
07-Dec-11,0,1.9,0,11.1,0,2.8,-0.1, 
08-Dec-11,0,1.9,0,11.2,0,3.2,-1.1, 
09-Dec-11,0,0,0,4.6,0,1.7,-2, 
10-Dec-11,0,0.9,0,8.5,1,-0.2,-5.7, 
11-Dec-11,0,1.9,0,7.4,0,1.3,-2.6, 
12-Dec-11,0,4.5,0,10.3,0,2.4,-1.6, 
13-Dec-11,0,0.8,0,3.6,0,1.1,-0.2, 
14-Dec-11,0,3.2,0,5.2,0,1.2,-1.5, 
15-Dec-11,0,1.5,0,5.2,0,0.3,-2.9, 
16-Dec-11,0,0.1,0,3.6,1,-1.8,-7.5, 
17-Dec-11,0,0,0,4.4,0,0.1,-5.9, 
18-Dec-11,0,3.8,0,6.4,1,-0.4,-5, 
19-Dec-11,0,1.1,0,9.1,1,-0.1,-3.6, 
20-Dec-11,0,4.3,0,11.1,0,4.9,1.5, 
21-Dec-11,0,0,0,12.1,0,5.3,4, 
22-Dec-11,0,5.2,0,13,0,9.4,5.1, 
23-Dec-11,0,0,0,6.7,0,6.5,5.3, 
24-Dec-11,0,0.7,0,11.8,0,1.7,-1.3, 
25-Dec-11,0,0.3,0,13.5,0,6.4,4.1, 
26-Dec-11,0,0,0,13.6,0,11.6,8.8, 
27-Dec-11,0,3.4,0,10.9,0,8.8,3.9, 
28-Dec-11,0,3.7,0,7.5,0,5,3.1, 
29-Dec-11,0,2.3,0,9,0,3.5,0.6, 
30-Dec-11,0,3,0,12,0,4.7,0, 
31-Dec-11,0,0.8,0,13.2,0,6.6,6.1, 
01-Jan-12,0,2.3,0,8.1,0,7.2,3.9, 
02-Jan-12,0,6.3,0,12,0,1.4,-2.2, 
03-Jan-12,0,1.4,0,6.7,0,1.6,-1.1, 
04-Jan-12,0,10.6,0,10.2,0,3.1,-0.2, 
05-Jan-12,0,0.2,0,8.8,0,6.2,3.9, 
06-Jan-12,0,2.5,0,10.6,0,3.2,-0.9, 
07-Jan-12,0,0,0,9.5,0,5.7,2.6, 
08-Jan-12,0,0,0,11.7,0,5.7,3, 
09-Jan-12,0,0.6,0,9.6,0,9,5.9, 
10-Jan-12,0,0.2,0,11.4,0,5.5,-0.5, 
11-Jan-12,0,1.3,0,12.2,0,9.5,7.9, 
12-Jan-12,0,0,0,9.2,0,8.2,4.5, 
13-Jan-12,0,0,0,6.7,1,-0.1,-5.1, 
14-Jan-12,0,0,0,7.3,1,-1.3,-6.4, 
15-Jan-12,0,0,0,6.4,0,2.3,-2.6, 
16-Jan-12,0,0,0,8.5,0,0.6,-5, 
17-Jan-12,0,0,0,11.8,0,0.4,-4.5, 
18-Jan-12,0,1.1,0,10.3,0,7.5,5.5, 
19-Jan-12,0,1.1,0,8.4,0,5.8,-1.2, 
20-Jan-12,0,0.2,0,11.2,0,4,0.9, 
21-Jan-12,0,0,0,9.7,0,7.7,6, 
22-Jan-12,0,0,0,9.2,0,5.6,2.8, 
23-Jan-12,0,5.7,0,10.4,0,4.8,-0.4, 
24-Jan-12,0,0.2,0,11.8,0,2,-3.9, 
25-Jan-12,0,8.7,0,11.9,0,9.7,7, 
26-Jan-12,0,0,0,5.5,0,0.9,-4.4, 
27-Jan-12,0,0.9,0,6.6,0,2.1,-1.4, 
28-Jan-12,0,9.5,0,6.8,1,-1.3,-6.8, 
29-Jan-12,0,14.9,0,8.5,1,-0.5,-3.1, 
30-Jan-12,0,0.7,0,5,0,3.9,3.3, 
31-Jan-12,0,0,0,4.6,0,3.6,2.3, 
01-Feb-12,0,0,0,4.4,1,-0.7,-6.1, 
02-Feb-12,0,0,0,4.2,1,-4.4,-10.3, 
03-Feb-12,0,0.8,0,6.9,1,-5.3,-10.4, 
04-Feb-12,0,3.2,0,9.2,1,-3.1,-5.4, 
05-Feb-12,0,0.2,0,7.3,0,2.5,-0.3, 
06-Feb-12,0,0.1,0,9.5,0,3.7,2.6, 
07-Feb-12,0,0,0,8.6,0,2.4,-2.5, 
08-Feb-12,0,0.2,0,7.2,0,1.7,-3.2, 
09-Feb-12,0,3.1,0,9.7,0,3.4,2.3, 
10-Feb-12,0,2.6,0,9.3,0,6.9,6.8, 
11-Feb-12,0,0.1,0,9.6,0,6,4.3, 
12-Feb-12,0,0,0,7.9,0,3.7,-1.3, 
13-Feb-12,0,0,0,8.9,0,4.6,0.7, 
14-Feb-12,0,0,0,9.4,0,5.1,-1.2, 
15-Feb-12,0,0,0,10.2,0,5.6,3.6, 
16-Feb-12,0,0.1,0,10.4,0,6.8,5.5, 
17-Feb-12,0,3.2,0,11.9,0,7.8,7.6, 
18-Feb-12,0,0.3,0,7.9,0,4.8,4.2, 
19-Feb-12,0,0,0,7.8,1,-0.2,-3.6, 
20-Feb-12,0,0.1,0,10.5,0,0.1,-4.4, 
21-Feb-12,0,0.9,0,13.2,0,7.2,6.3, 
22-Feb-12,0,1.1,0,14.6,0,10.5,8.5, 
23-Feb-12,0,1.7,0,15,0,11.3,9.7, 
24-Feb-12,0,0.1,0,11.5,0,8.7,9.4, 
25-Feb-12,0,0,0,9.7,0,2.7,-1.7, 
26-Feb-12,0,0.8,0,12.8,0,5,4.9, 
27-Feb-12,0,0.8,0,11.5,0,7.5,6.6, 
28-Feb-12,0,0,0,12.1,0,10,9.1, 
29-Feb-12,0,0,0,13.3,0,8.5,7, 
01-Mar-12,0,0,0,14.9,0,7.6,0.9, 
02-Mar-12,0,0.9,0,12.3,0,4.7,-0.8, 
03-Mar-12,0,2.3,0,12,0,5.7,-0.6, 
04-Mar-12,0,0.1,0,8.5,0,0.3,-2.9, 
05-Mar-12,0,0,0,11,0,1,-4.3, 
06-Mar-12,0,0.5,0,11.8,0,0.4,-4, 
07-Mar-12,0,0,0,9.4,0,6.6,3.7, 
08-Mar-12,0,0,0,13.2,0,3.6,-0.6, 
09-Mar-12,0,0,0,13.6,0,7,4.2, 
10-Mar-12,0,0,0,13.1,0,10.3,6.6, 
11-Mar-12,0,0,0,11.1,0,8,8.4, 
12-Mar-12,0,0,0,13.6,0,7.8,8.1, 
13-Mar-12,0,0,0,9.7,0,7.6,5.8, 
14-Mar-12,0,0,0,11.3,0,0.1,-4, 
15-Mar-12,0,0,0,12.4,0,4.9,4.4, 
16-Mar-12,0,6.5,0,11.1,0,7.8,8.1, 
17-Mar-12,0,17.3,0,9.4,0,2.3,-1.4, 
18-Mar-12,0,0,0,11.7,0,1.6,-1.7, 
19-Mar-12,0,0,0,13.1,0,0.7,-4.8, 
20-Mar-12,0,0,0,13.5,0,7.6,2.4, 
21-Mar-12,0,0,0,11.6,0,8.7,4.9, 
22-Mar-12,0,0.5,0,12.6,0,2.8,-2.6, 
23-Mar-12,0,0,0,13.1,0,7.1,1, 
24-Mar-12,0,0,0,17.5,0,6.2,0.6, 
25-Mar-12,0,0,0,20.7,0,7.6,0.9, 
26-Mar-12,0,0,0,16.3,0,2.9,-2, 
27-Mar-12,0,0,0,18.6,0,2.8,-1.7, 
28-Mar-12,0,0,0,19.9,0,1.2,-3, 
29-Mar-12,0,0,0,18.5,0,3.5,-1, 
30-Mar-12,0,0,0,12.7,0,7.9,2.5, 
31-Mar-12,0,0,0,12,0,8.2,5.3, 
01-Apr-12,0,0.2,0,12.8,1,-0.4,-3.7, 
02-Apr-12,0,3.2,0,10.6,0,6.6,5.3, 
03-Apr-12,0,2.2,0,8.3,0,5.4,1.9, 
04-Apr-12,0,0,0,8,0,1.4,0, 
05-Apr-12,0,0,0,9,0,1.3,-2.5, 
06-Apr-12,0,0,0,11.4,0,3.1,-1, 
07-Apr-12,0,0,0,13.8,0,6.9,4.8, 
08-Apr-12,0,6.8,0,12.6,0,8.2,7.2, 
09-Apr-12,0,2.4,0,11.7,0,6.2,6.4, 
10-Apr-12,0,0,0,11.3,0,2.1,-0.6, 
11-Apr-12,0,0,0,13.8,0,1.6,-0.9, 
12-Apr-12,0,0.1,0,12.4,0,1.8,-1.6, 
13-Apr-12,0,0,0,10.3,0,1.7,-1.1, 
14-Apr-12,0,0,0,9.5,0,2.9,-1.3, 
15-Apr-12,0,0,0,9,1,-0.7,-5.7, 
16-Apr-12,0,8.3,0,11,0,1.1,-3.5, 
17-Apr-12,0,9.7,0,12.1,0,4.6,1.6, 
18-Apr-12,0,0.2,0,11.4,0,5.1,4.5, 
19-Apr-12,0,4.2,0,13,0,2.2,-2.3, 
20-Apr-12,0,2.7,0,11.2,0,3.9,0.4, 
21-Apr-12,0,0.7,0,14.1,0,3.4,-0.5, 
22-Apr-12,0,3.2,0,13.1,0,5.6,0, 
23-Apr-12,0,3.7,0,11.2,0,4.3,0.2, 
24-Apr-12,0,5.2,0,11.4,0,3.5,-1.2, 
25-Apr-12,0,26.2,0,7.6,0,6.1,2.1, 
26-Apr-12,0,1.7,0,9.7,0,6,6.1, 
27-Apr-12,0,0,0,9.5,0,5.6,4.5, 
28-Apr-12,0,0,0,10.6,0,2.6,-1.6, 
29-Apr-12,0,12,0,10,0,4.9,0.1, 
30-Apr-12,0,4.1,0,13.1,0,4.6,4.5, 
01-May-12,0,18.9,0,10.5,0,9.2,7.2, 
02-May-12,0,0,0,12,0,8.1,7, 
03-May-12,0,0,0,11.7,0,6.8,3.9, 
04-May-12,0,2.5,0,10.9,0,5.8,2.1, 
05-May-12,0,0,0,8.8,0,5.4,1, 
06-May-12,0,0.8,0,9.3,1,-1.6,-5.5, 
07-May-12,0,4.4,0,14.6,0,5.9,1.4, 
08-May-12,0,0.9,0,13.7,0,4.3,-0.4, 
09-May-12,0,10.4,0,10.7,0,2.3,-0.8, 
10-May-12,0,4.3,0,11.2,0,7.5,7.3, 
11-May-12,0,1,0,12.6,0,5.7,5.5, 
12-May-12,0,0,0,15.7,0,2,-2.4, 
13-May-12,0,0.2,0,15.9,0,4.4,-0.9, 
14-May-12,0,1,0,13.8,0,5.2,-0.6, 
15-May-12,0,0.3,0,13.5,0,1.8,-0.5, 
16-May-12,0,2.1,0,11.6,0,1.5,-2.9, 
17-May-12,0,0.1,0,11.7,0,6.4,6.8, 
18-May-12,0,3.9,0,12.2,0,7.5,5.6, 
19-May-12,0,0,0,10.9,0,7.8,7.6, 
20-May-12,0,0,0,13.6,0,4.3,0.1, 
21-May-12,0,0,0,16.7,0,8,4.6, 
22-May-12,0,0,0,19.5,0,6.3,2.1, 
23-May-12,0,0,0,21.2,0,9.3,5.3, 
24-May-12,0,0,0,21.1,0,8.7,3.6, 
25-May-12,0,0,0,21.6,0,10.4,6.4, 
26-May-12,0,0,0,21.5,0,12.3,6.8, 
27-May-12,0,0,0,21.4,0,11.2,6.2, 
28-May-12,0,0,0,22.8,0,10.9,10.1, 
29-May-12,0,1.9,0,17.4,0,8.6,3.1, 
30-May-12,0,3.8,0,20.2,0,10,5.2, 
31-May-12,0,1.8,0,17.6,0,12.1,11.8, 
01-Jun-12,0,0,0,18.3,0,13,14, 
02-Jun-12,0,30,0,16.2,0,12.4,11.6, 
03-Jun-12,0,0.5,0,12.2,0,9.2,9.8, 
04-Jun-12,0,0.8,0,14.1,0,7.3,5.8, 
05-Jun-12,0,1.5,0,14.8,0,7.6,6.1, 
06-Jun-12,0,6.2,0,19,0,9.9,11.8, 
07-Jun-12,0,22.3,0,14.1,0,10.5,8.3, 
08-Jun-12,0,6.9,0,12.4,0,11.1,12.5, 
09-Jun-12,0,0,0,17.9,0,8.6,9.2, 
10-Jun-12,0,0,0,17.7,0,7.1,4.7, 
11-Jun-12,0,0,0,17.7,0,11.1,10.6, 
12-Jun-12,0,2.5,0,14.1,0,10.3,9.6, 
13-Jun-12,0,1.8,0,14.6,0,8.9,9, 
14-Jun-12,0,15.1,0,14.7,0,10.6,7.2, 
15-Jun-12,0,6.6,0,16.4,0,10.6,11.1, 
16-Jun-12,0,1.7,0,16,0,11.9,10.3, 
17-Jun-12,0,0.6,0,15.1,0,9.1,9.1, 
18-Jun-12,0,4.2,0,17.3,0,6.2,3.2, 
19-Jun-12,0,0,0,18.8,0,6.4,3, 
20-Jun-12,0,9.2,0,17.1,0,7.2,4.5, 
21-Jun-12,0,13.3,0,15.7,0,10.6,12.1, 
22-Jun-12,0,1.1,0,16.5,0,10.5,12.3, 
23-Jun-12,0,1.1,0,17.7,0,10.1,8.3, 
24-Jun-12,0,3.7,0,19.1,0,10.7,11.6, 
25-Jun-12,0,0,0,16.8,0,8.1,6.4, 
26-Jun-12,0,6.6,0,23,0,12.5,10.5, 
27-Jun-12,0,22.7,0,23.8,0,16,14, 
28-Jun-12,0,0.8,0,21.9,0,13.7,14.1, 
29-Jun-12,0,1.2,0,20.6,0,13,11.1, 
30-Jun-12,0,3.7,0,15.8,0,12.4,12.1, 
01-Jul-12,0,2.5,0,17.3,0,10,7.5, 
02-Jul-12,0,2.2,0,20.8,0,13.6,13.2, 
03-Jul-12,0,6.1,0,17.4,0,13.4,10.6, 
04-Jul-12,0,0,0,19.7,0,12.2,13.2, 
05-Jul-12,0,0.1,0,20.3,0,10.3,5.9, 
06-Jul-12,0,14.2,0,17.3,0,10.3,6.5, 
07-Jul-12,0,1.4,0,19.8,0,13.2,13.2, 
08-Jul-12,0,2.1,0,14.6,0,12.6,10, 
09-Jul-12,0,7.8,0,17,0,10.5,10, 
10-Jul-12,0,1.3,0,18.7,0,9.4,8.3, 
11-Jul-12,0,1.2,0,17.2,0,10.3,9.5, 
12-Jul-12,0,4.1,0,16.2,0,6.4,3, 
13-Jul-12,0,0,0,16.7,0,10.8,10.6, 
14-Jul-12,0,0,0,15.5,0,9.6,8.2, 
15-Jul-12,0,10.9,0,18.3,0,7.2,3.4, 
16-Jul-12,0,4,0,19.6,0,12.7,10.6, 
17-Jul-12,0,7.8,0,24.2,0,13.5,13.6, 
18-Jul-12,0,0.4,0,19.5,0,13.4,13.4, 
19-Jul-12,0,0,0,17.2,0,9.7,6.5, 
20-Jul-12,0,0,0,17.6,0,10.3,9.5, 
21-Jul-12,0,0,0,20.6,0,6.3,2.4, 
22-Jul-12,0,0,0,22.8,0,13,10.2, 
23-Jul-12,0,2.7,0,24.3,0,17.6,16.9, 
24-Jul-12,0,12.8,0,18.7,0,16.6,16.8, 
25-Jul-12,0,0,0,19.1,0,13.5,13.5, 
26-Jul-12,0,0,0,22.2,0,8.9,5.2, 
27-Jul-12,0,0.2,0,19.2,0,10.4,6.1, 
28-Jul-12,0,5.3,0,17.4,0,8.5,3.9, 
29-Jul-12,0,5.1,0,17.1,0,9.1,6.4, 
30-Jul-12,0,0.6,0,19.2,0,8.2,3.6, 
31-Jul-12,0,5.7,0,18.9,0,11.2,10.6, 
01-Aug-12,0,1.1,0,20.3,0,12.6,12.9, 
02-Aug-12,0,2.4,0,20.9,0,9.8,5.1, 
03-Aug-12,0,4.4,0,20.6,0,13.2,11.1, 
04-Aug-12,0,0,0,18.5,0,13.9,12.7, 
05-Aug-12,0,2.4,0,17.9,0,10,5.6, 
06-Aug-12,0,0.5,0,18.1,0,10.9,11.4, 
07-Aug-12,0,0,0,18.3,0,12.6,11.9, 
08-Aug-12,0,0,0,19.2,0,9.4,5.7, 
09-Aug-12,0,0,0,21.7,0,13,13, 
10-Aug-12,0,0,0,22,0,12,8.5, 
11-Aug-12,0,0,0,20.3,0,12.8,8.5, 
12-Aug-12,0,5.6,0,18.9,0,15.2,13.3, 
13-Aug-12,0,0.2,0,23.4,0,15.1,13.9, 
14-Aug-12,0,1.4,0,23.4,0,14.2,11.3, 
15-Aug-12,0,12.2,0,18.7,0,15.5,13.4, 
16-Aug-12,0,6.2,0,20.6,0,14.4,11.4, 
17-Aug-12,0,0,0,22.7,0,14.7,14.4, 
18-Aug-12,0,0,0,22.6,0,16.3,13.4, 
19-Aug-12,0,0,0,20.7,0,12.2,8.1, 
20-Aug-12,0,0,0,23.1,0,12.3,7.9, 
21-Aug-12,0,5.3,0,21.4,0,12.5,9.6, 
22-Aug-12,0,0,0,20.6,0,12,8.7, 
23-Aug-12,0,0.1,0,18.6,0,12.5,10.2, 
24-Aug-12,0,5.4,0,16.4,0,12.1,10.1, 
25-Aug-12,0,2.2,0,18.7,0,12.9,12.8, 
26-Aug-12,0,2.1,0,19.5,0,8.5,3.4, 
27-Aug-12,0,5.6,0,19.6,0,14.4,11.9, 
28-Aug-12,0,0.7,0,19.2,0,10.7,6.8, 
29-Aug-12,0,5.9,0,18.8,0,12.6,10, 
30-Aug-12,0,0,0,17.4,0,10.2,7.4, 
31-Aug-12,0,0.2,0,16.7,0,7.8,3.6, 
